Episode,Steps,Steps per Episode,Epsilon,Loss,GameReward,Score
1,242,242,0.993109,0,-342,1
2,452,210,0.986265485881,0,-324,0
3,662,210,0.979469130417794,266.172776222229,-298,0
4,904,242,0.972719608640085,392.8189640045166,-298,1
5,1179,275,0.9660165978169462,535.2814769744873,-262,2
6,1389,210,0.9593597774413896,394.01026248931885,-316,0
7,1631,242,0.952748829215041,470.25353622436523,-292,1
8,1909,278,0.9461834370329202,560.3126831054688,-270,2
9,2119,210,0.9396632869683264,437.18966484069824,-284,0
10,2329,210,0.9331880672578277,426.60880756378174,-306,0
11,2539,210,0.926757468286354,402.8246097564697,-302,0
12,2749,210,0.9203711825723927,395.4175786972046,-286,0
13,2990,241,0.9140289047532864,442.9892997741699,-290,1
14,3302,312,0.9077303315706314,648.1257076263428,-238,3
15,3581,279,0.9014751618557783,512.3987994194031,-258,2
16,3859,278,0.8952630965154301,568.4186592102051,-278,2
17,4137,278,0.8890938385173424,552.361496925354,-258,2
18,4379,242,0.8829670928761194,579.1943731307983,-276,1
19,4621,242,0.8768825666391101,502.1482162475586,-272,1
20,4867,246,0.8708399688724,498.82700538635254,-304,1
21,5142,275,0.8648390106469003,600.7337913513184,-214,2
22,5383,241,0.8588794050245325,534.7738370895386,-296,1
23,5593,210,0.8529608670445085,490.4708890914917,-244,0
24,5803,210,0.8470831137097048,430.20543813705444,-272,0
25,6081,278,0.8412458639731313,568.946774482727,-262,2
26,6356,275,0.8354488387244925,506.0457925796509,-194,2
27,6597,241,0.829691760776842,487.7880253791809,-256,1
28,6839,242,0.8239743548533288,525.150068283081,-262,1
29,7049,210,0.8182963475740346,446.84521484375,-304,0
30,7259,210,0.8126574674429019,404.8942766189575,-266,0
31,7501,242,0.8070574448347528,452.8514223098755,-268,1
32,7711,210,0.8014960119823966,348.56991147994995,-270,0
33,7953,242,0.795972902963826,469.67601203918457,-266,1
34,8163,210,0.7904878536895023,341.42949962615967,-266,0
35,8442,279,0.7850406018897279,480.1012210845947,-224,2
36,8652,210,0.7796308871021058,391.263596534729,-284,0
37,8862,210,0.7742584506590853,380.5989170074463,-236,0
38,9072,210,0.7689230356755935,384.94996309280396,-264,0
39,9314,242,0.763624387036753,390.29363775253296,-232,1
40,9695,381,0.7583622513856827,646.3227727413177,-124,5
41,9936,241,0.7531363771113839,392.7012815475464,-218,1
42,10146,210,0.7479465143367094,355.7586815357208,-250,0
43,10425,279,0.7427924149064152,543.6936535835266,-182,2
44,10671,246,0.7376738323752952,468.27335262298584,-276,1
45,10881,210,0.732590521996397,426.1283235549927,-266,0
46,11190,309,0.7275422407093198,567.9735808372498,-192,3
47,11432,242,0.7225287471285919,461.36185359954834,-204,1
48,11642,210,0.7175498015321289,422.86819648742676,-260,0
49,11852,210,0.712605165849771,400.8817415237427,-248,0
50,12093,241,0.7076946036519002,412.0111093521118,-176,1
51,12303,210,0.702817880138135,326.4716868400574,-264,0
52,12582,279,0.6979747621261031,567.6476745605469,-186,2
53,12824,242,0.6931650180402922,435.6065950393677,-192,1
54,13034,210,0.6883884179009765,343.5006756782532,-262,0
55,13313,279,0.6836447333132208,471.5463981628418,-186,2
56,13592,279,0.6789337374559594,570.0339441299438,-196,2
57,13802,210,0.6742552050711504,410.11646127700806,-228,0
58,14043,241,0.6696089124530051,432.8686013221741,-214,1
59,14253,210,0.6649946374372915,386.43403816223145,-248,0
60,14463,210,0.6604121593907111,421.48201847076416,-232,0
61,14673,210,0.6558612592003497,371.2753658294678,-244,0
62,14883,210,0.6513417192632001,354.79131031036377,-258,0
63,15129,246,0.6468533234757574,407.02560353279114,-226,1
64,15339,210,0.642395857223686,401.18615913391113,-238,0
65,15651,312,0.6379691073715575,536.3488624095917,-112,3
66,15963,312,0.6335728622526602,567.6316223144531,-130,3
67,16209,246,0.6292069116588771,365.26898765563965,-212,1
68,16419,210,0.6248710468306358,343.00948190689087,-250,0
69,16629,210,0.6205650604469258,353.13721656799316,-232,0
70,16839,210,0.6162887466153861,402.07522535324097,-226,0
71,17114,275,0.6120419008624595,434.3813467025757,-160,2
72,17324,210,0.6078243201236163,353.6597089767456,-234,0
73,17534,210,0.6036358027336445,367.2288279533386,-232,0
74,17744,210,0.5994761484170069,327.2307686805725,-232,0
75,17985,241,0.5953451582782653,421.6947922706604,-204,1
76,18195,210,0.5912426347925698,430.4142599105835,-218,0
77,18405,210,0.5871683817962142,346.18010997772217,-230,0
78,18615,210,0.5831222044772565,387.78508949279785,-198,0
79,18825,210,0.5791039093662037,348.79712867736816,-226,0
80,19104,279,0.5751133043267612,501.955997467041,-178,2
81,19314,210,0.5711501985466455,360.5260362625122,-214,0
82,19524,210,0.5672144025284606,432.222430229187,-224,0
83,19868,344,0.563305728080637,606.71186876297,-120,4
84,20180,312,0.5594239883084333,598.8122019767761,-166,3
85,20426,246,0.5555689976049999,481.96015453338623,-176,1
86,20668,242,0.5517405716425039,454.34947204589844,-212,1
87,20946,278,0.5479385273633154,596.3816199302673,-170,2
88,21221,275,0.5441626829712548,476.85244941711426,-194,2
89,21496,275,0.5404128579229,517.9293022155762,-190,2
90,21805,309,0.5366888729189533,654.6073551177979,-144,3
91,22015,210,0.5329905498956687,458.69129180908203,-222,0
92,22290,275,0.5293177120163377,460.83417761325836,-178,2
93,22500,210,0.5256701836628331,389.99654841423035,-198,0
94,22710,210,0.5220477904272126,357.31849575042725,-234,0
95,22956,246,0.5184503591033787,451.1027412414551,-212,1
96,23166,210,0.5148777176787973,373.5764398574829,-188,0
97,23618,452,0.5113296953262727,840.7179832458496,-54,7
98,23896,278,0.5078061223957794,447.0264530181885,-174,2
99,24106,210,0.50430683040635,412.2143974304199,-226,0
100,24452,346,0.5008316520380199,633.8556525707245,-86,4
101,24730,278,0.49738042112382597,481.68684673309326,-130,2
102,24940,210,0.49395297264186167,447.7535629272461,-192,0
103,25249,309,0.4905491427073866,622.7166900634766,-98,3
104,25459,210,0.48716876856499,344.4750747680664,-242,0
105,25669,210,0.48381168858080864,438.791579246521,-214,0
106,25948,279,0.4804777422347983,530.5106930732727,-174,2
107,26158,210,0.4771667701130583,451.6657085418701,-208,0
108,26368,210,0.47387861390020924,398.4217174053192,-182,0
109,26578,210,0.4706131163718229,415.55934596061707,-194,0
110,26819,241,0.4673701213869047,507.9243402481079,-180,1
111,27029,210,0.46414947388042754,444.4298257827759,-242,0
112,27340,311,0.4609510198559175,570.1800065040588,-84,3
113,27719,379,0.4577746063780904,806.278350353241,-60,5
114,27960,241,0.454620081565539,473.69902515411377,-170,1
115,28269,309,0.45148729458347087,628.3347992897034,-106,3
116,28511,242,0.44837609563649616,522.0507678985596,-172,1
117,28790,279,0.44528633596146505,502.6998624801636,-152,2
118,29032,242,0.4422178678203546,505.46245527267456,-134,1
119,29278,246,0.43917054449320453,475.95561933517456,-166,1
120,29657,379,0.4361442202711019,744.8355832099915,-4,5
121,29935,278,0.43313875044921374,548.6696314811707,-160,2
122,30279,344,0.4301539913198682,763.9435830116272,-66,4
123,30554,275,0.427189800165683,558.2095425128937,-130,2
124,30796,242,0.42424603525274124,513.2931823730469,-192,1
125,31108,312,0.4213225558238146,607.6396102905273,-90,3
126,31354,246,0.41841922209163274,464.86861515045166,-156,1
127,31698,344,0.4155358952321993,648.6850719451904,-82,4
128,31976,278,0.41267243737815423,538.3857865333557,-132,2
129,32255,279,0.4098287116121814,585.8874287605286,-132,2
130,32465,210,0.40700458196046185,436.32159328460693,-198,0
131,32675,210,0.40419991338617234,441.77469205856323,-178,0
132,33056,381,0.40141457178302825,751.9191601276398,-44,5
133,33298,242,0.3986484239688714,424.8531503677368,-168,1
134,33539,241,0.3959013376793019,478.6794710159302,-160,1
135,33780,241,0.39317318156135384,499.52487087249756,-148,1
136,34126,346,0.39046382516721456,810.4104294776917,-42,4
137,34367,241,0.3877731389479873,472.5010151863098,-130,1
138,34577,210,0.3851009942474967,446.60486793518066,-184,0
139,34855,278,0.3824472632961372,636.3107824325562,-82,2
140,35201,346,0.37981181920476353,761.6302194595337,-38,4
141,35443,242,0.3771945359586235,489.78837966918945,-148,1
142,35653,210,0.37459528841133266,392.33397483825684,-166,0
143,35863,210,0.37201395227889017,432.7443723678589,-198,0
144,36175,312,0.36945040413373637,663.7983403205872,-72,3
145,36519,344,0.36690452139885077,685.8232975006104,-28,4
146,36900,381,0.3643761823418913,793.0093948841095,-18,5
147,37146,246,0.3618652660693733,533.390682220459,-174,1
148,37527,381,0.35937165252088926,890.0065641403198,-12,5
149,37871,344,0.3568952224633678,765.9990520477295,-34,4
150,38182,311,0.35443585748537276,692.1998891830444,-52,3
151,38392,210,0.35199343999144106,402.88890171051025,-180,0
152,38670,278,0.34956785319646005,575.2059698104858,-84,2
153,38945,275,0.34715898112008325,572.9096169471741,-106,2
154,39254,309,0.34476670858118474,612.6039667129517,-76,3
155,39500,246,0.3423909211923518,517.0684976577759,-142,1
156,39881,381,0.34003150535441534,868.3595476150513,-46,5
157,40091,210,0.33768834825101807,532.2814512252808,-160,0
158,40400,309,0.3353613378432203,633.860545873642,-52,3
159,40712,312,0.3330503628641427,729.4434719085693,-76,3
160,40958,246,0.3307553128136459,510.97736644744873,-128,1
161,41199,241,0.32847607795304706,532.9404830932617,-148,1
162,41440,241,0.32621254929987265,509.04190158843994,-152,1
163,41650,210,0.32396461862264725,389.48661255836487,-146,0
164,41860,210,0.3217321784357186,476.12072467803955,-178,0
165,42135,275,0.3195151219941181,601.274854183197,-84,2
166,42377,242,0.3173133432884566,615.5727396011353,-124,1
167,42655,278,0.3151267370398559,553.6700444221497,-90,2
168,42964,309,0.3129551986949142,658.1549439430237,-58,3
169,43174,210,0.3107986244207076,468.54260444641113,-156,0
170,43452,278,0.3086569110998245,613.4943208694458,-78,2
171,43727,275,0.3065299563254356,602.058961391449,-110,2
172,44108,381,0.30441765839639706,913.8812913894653,32,5
173,44417,309,0.30231991631238747,730.30877161026,-72,3
174,44726,309,0.30023662976907883,578.2561779022217,-44,3
175,45070,344,0.2981676991533401,714.1308083534241,6,4
176,45416,346,0.29611302553847446,783.1141128540039,4,4
177,45662,246,0.29407251067948886,548.6484994888306,-136,1
178,46041,379,0.29204605700839653,817.9478726387024,-24,5
179,46251,210,0.2900335676295517,522.642204284668,-146,0
180,46562,311,0.28803494631501647,688.1963143348694,-58,3
181,46908,346,0.2860500974999597,787.3458099365234,-16,4
182,47219,311,0.28407892627808745,743.6459093093872,-60,3
183,47563,344,0.2821213383971052,835.8535561561584,12,4
184,47809,246,0.28017724025421076,505.546667098999,-108,1
185,48055,246,0.278246538891619,619.2496271133423,-116,1
186,48297,242,0.27632914199211683,529.1155652999878,-130,1
187,48539,242,0.27442495787464916,546.69153881073,-100,1
188,48850,311,0.27253389548993495,820.5166659355164,-64,3
189,49060,210,0.27065586441611383,444.1078681945801,-158,0
190,49301,241,0.2687907748544224,556.2132821083069,-120,1
191,49647,346,0.26693853762490055,792.6402997970581,4,4
192,50100,453,0.26509906416212736,1087.0093297958374,94,7
193,50627,527,0.2632722665109862,1453.66699552536,178,9
194,50939,312,0.26145805732245897,782.3401126861572,-50,3
195,51180,241,0.2596563498494499,579.4176330566406,-126,1
196,51455,275,0.25786705794263737,838.3680295944214,-98,2
197,51766,311,0.25609009604635463,751.1005525588989,-16,3
198,52007,241,0.2543253791944992,614.0715751647949,-134,1
199,52388,381,0.25257282300646994,991.9476013183594,10,5
200,52598,210,0.25083234368313234,483.62024688720703,-172,0
201,52844,246,0.24910385800281187,750.9895133972168,-116,1
202,53190,346,0.2473872833173145,849.7364025115967,-10,4
203,53400,210,0.2456825375479749,517.0161542892456,-138,0
204,53610,210,0.2439895391817318,574.3087196350098,-150,0
205,53889,279,0.24230820726723049,766.0800008773804,-106,2
206,54135,246,0.240638461410952,734.0415029525757,-124,1
207,54410,275,0.23898022177336914,809.4393730163574,-84,2
208,54620,210,0.23733340906512887,616.3621788024902,-150,0
209,54895,275,0.23569794454326107,781.7106952667236,-74,2
210,55312,417,0.23407375000741346,1241.8877935409546,70,6
211,55802,490,0.23246074779611237,1422.1976432800293,136,8
212,56043,241,0.23085886078304935,666.0567846298218,-112,1
213,56284,241,0.22926801237339337,643.6886973381042,-118,1
214,56526,242,0.22768812650012832,682.8277606964111,-122,1
215,56870,344,0.22611912762041594,924.7639889717102,10,4
216,57287,417,0.22456094071198365,1294.9987173080444,80,6
217,57704,417,0.22301349126953737,1321.3677339553833,50,6
218,57914,210,0.221476705301199,699.0581207275391,-156,0
219,58160,246,0.21995050932496846,632.2825660705566,-90,1
220,58541,381,0.2184348303652101,1400.3456354141235,86,5
221,58787,246,0.21692959594916345,813.4608373641968,-104,1
222,59098,311,0.21543473410347777,1045.799412727356,-82,3
223,59376,278,0.2139501733507707,874.0124068260193,-66,2
224,59722,346,0.21247584270621056,1190.4841499328613,46,4
225,59997,275,0.21101167167412208,879.1857738494873,-104,2
226,60239,242,0.2095575902446157,757.8351383209229,-132,1
227,60692,453,0.20811352889024007,1412.9217081069946,92,7
228,60970,278,0.20667941856265742,794.8086357116699,-62,2
229,61316,346,0.20525519068934214,1141.5451469421387,30,4
230,61562,246,0.20384077717030188,765.3551502227783,-94,1
231,61840,278,0.20243611037482134,899.7713451385498,-76,2
232,62221,381,0.20104112313822844,1236.1352758407593,48,5
233,62499,278,0.19965574875868292,910.9054832458496,-30,2
234,62709,210,0.19827992099398684,731.4752502441406,-130,0
235,63199,490,0.19691357405841728,1638.1529846191406,194,8
236,63689,490,0.19555664261958072,1566.1200160980225,130,8
237,64070,381,0.19420906179528918,1222.5858459472656,24,5
238,64349,279,0.19287076715045784,971.8748621940613,-58,2
239,64693,344,0.19154169469402405,1302.4062776565552,12,4
240,65005,312,0.19022178087588754,910.7609474658966,-24,3
241,65495,490,0.1889109625838718,1870.7162446975708,142,8
242,65807,312,0.18760917714070635,1179.241647720337,-50,3
243,66017,210,0.18631636230102974,719.3686275482178,-150,0
244,66361,344,0.18503245624841336,1235.8324670791626,56,4
245,66778,417,0.18375739759240556,1543.6091594696045,80,6
246,67057,279,0.1824911253655963,1027.5131072998047,-88,2
247,67401,344,0.18123357902070197,1102.8401699066162,2,4
248,67611,210,0.17998469842767031,822.9532270431519,-154,0
249,68483,872,0.17874442387080525,3471.5631494522095,556,18
250,69394,911,0.17751269604591152,3598.8582434654236,488,19
251,70035,641,0.17628945605745916,2669.5176196098328,282,12
252,70638,603,0.1750746454157672,2412.502314567566,276,11
253,71355,717,0.17386820603420716,3032.9532713890076,380,14
254,72111,756,0.17267008022642544,3062.6484212875366,318,15
255,72457,346,0.17148021070358516,1344.5650749206543,12,4
256,72838,381,0.17029854057162674,1518.4425039291382,-18,5
257,73749,911,0.16912501332854768,3682.1634950637817,546,19
258,74933,1184,0.16795957286170066,4793.32977104187,772,26
259,75727,794,0.16680216344511067,3271.756688117981,400,16
260,76911,1184,0.16565272973681042,4792.521466255188,740,26
261,78728,1817,0.16451121677619407,7444.950833320618,1334,42
262,80863,2135,0.16337756998138933,9344.142355918884,1612,50
263,83674,2811,0.1622517351466476,13675.513771533966,2356,67
264,84937,1263,0.16113365843975205,5534.345154762268,872,28
265,85616,679,0.16002328639944371,3125.6864070892334,312,13
266,87314,1698,0.15892056593286516,7992.881409645081,1234,39
267,88420,1106,0.15782544431302178,5334.7945103645325,678,24
268,88910,490,0.15673786917626076,2433.6366062164307,138,8
269,89513,603,0.15565778851976714,2975.633586883545,196,11
270,90737,1224,0.1545851506990774,6607.779100418091,814,27
271,91726,989,0.15351990442561006,5156.703901290894,614,21
272,92559,833,0.15246199876421318,4490.000075340271,452,17
273,94217,1658,0.151411383130729,8750.409329891205,1266,38
274,95441,1224,0.15036800728957514,6528.949962615967,834,27
275,96704,1263,0.14933182135134268,7013.9588985443115,842,28
276,97888,1184,0.1483027757704106,6813.1101932525635,778,26
277,99072,1184,0.1472808213425767,7642.916113853455,816,26
278,100256,1184,0.146265909202705,6716.620779037476,798,26
279,101559,1303,0.14525799082238916,8308.506063461304,966,29
280,102587,1028,0.14425701800763208,6196.421495437622,642,22
281,103811,1224,0.14326294289654148,8397.252932548523,866,27
282,105509,1698,0.14227571795704141,11019.941712379456,1364,39
283,107088,1579,0.14129529598459944,10720.328601837158,1222,36
284,108905,1817,0.14032163009996956,11311.975313186646,1426,42
285,109972,1067,0.13935467374695068,6554.783808708191,656,23
286,111591,1619,0.13839438069016044,10603.728704452515,1266,37
287,112081,490,0.13744070501282454,3478.6300687789917,160,8
288,113739,1658,0.13649360111458117,11342.281098365784,1356,38
289,114767,1028,0.13555302370930059,7100.392562866211,642,22
290,115523,756,0.1346189278229198,4989.003884315491,420,15
291,116164,641,0.13369126879129206,4130.184118270874,240,12
292,118577,2413,0.13277000225805127,17786.568987846375,1996,57
293,119801,1224,0.13185508417249103,8624.356086730957,856,27
294,120946,1145,0.1309464707874584,7472.617091178894,780,25
295,123160,2214,0.13004411865726204,15525.550792694092,1840,52
296,127368,4208,0.12914798463559485,27969.111691474915,3840,102
297,128474,1106,0.12825802587347096,6556.996551513672,804,24
298,129934,1460,0.12737419981717688,9872.731650352478,1110,33
299,130575,641,0.12649646420623673,3843.2194623947144,356,12
300,132829,2254,0.12562477707139155,14322.34670829773,2010,53
301,133662,833,0.1247590967325926,5521.4212284088135,478,17
302,137191,3529,0.12389938179700831,23516.655054092407,3206,85
303,138494,1303,0.12304559115704512,8023.4051151275635,960,29
304,139288,794,0.12219768398838193,4904.460077285767,410,16
305,142099,2811,0.12135561974801799,15593.681525230408,2512,67
306,143520,1421,0.1205193581723344,8952.675650596619,1074,32
307,146172,2652,0.11968885927516885,15561.489623069763,2348,63
308,148227,2055,0.11886408334590366,12132.145555496216,1758,48
309,149411,1184,0.11804499094756704,6469.4034214019775,826,26
310,151109,1698,0.11723154291494736,9506.812876701355,1352,39
311,153960,2851,0.11642370035272047,15992.702803611755,2592,68
312,154487,527,0.11562142463358988,2872.9873638153076,204,9
313,155281,794,0.11482467739643981,4430.083421707153,474,16
314,156348,1067,0.11403342054450094,6211.005084991455,712,23
315,158522,2174,0.11324761624352879,12003.075825691223,1874,51
316,159943,1421,0.11246722691999464,8032.3351793289185,1068,32
317,161998,2055,0.11169221525928896,11262.860306739807,1702,48
318,166206,4208,0.1109225442039372,21323.085096359253,4028,102
319,168261,2055,0.11015817695182786,10396.72616481781,1780,48
320,170117,1856,0.10939907695445282,9660.90393447876,1546,43
321,172809,2692,0.10864520791515969,13971.891192436218,2416,64
322,174269,1460,0.10789653378741633,7122.468389511108,1166,33
323,177160,2891,0.10715301877308725,13516.713971138,2692,69
324,178977,1817,0.1064146273207219,9203.952472686768,1544,42
325,180240,1263,0.10568132412385481,6059.427719116211,972,28
326,180881,641,0.10495307411931733,3297.350664138794,332,12
327,184290,3409,0.10422984248556111,16877.243372917175,3224,82
328,186862,2572,0.1035115946409931,12014.712894439697,2288,61
329,189036,2174,0.10279829624232202,10625.460398674011,1868,51
330,190536,1500,0.10208991318291619,7305.466585159302,1226,34
331,192949,2413,0.10138641159117272,11213.777589797974,2130,57
332,194212,1263,0.10068775782889795,5738.750780105591,970,28
333,195318,1106,0.09999391848969902,4875.2725467681885,840,24
334,197333,2015,0.09930486039738651,9843.903734207153,1816,47
335,199985,2652,0.09862055060438812,12307.663791656494,2436,63
336,204193,4208,0.09794095639017329,18757.91237449646,4086,102
337,205772,1579,0.09726604525968861,6732.751791000366,1304,36
338,207391,1619,0.0965957849418041,7832.442170143127,1402,37
339,210362,2971,0.09593014338777013,14103.976044654846,2794,71
340,214410,4048,0.09526908876968501,18505.79528427124,3920,98
341,216068,1658,0.09461258947897311,7749.626757621765,1338,38
342,220276,4208,0.09396061412487351,18315.01176261902,4046,102
343,222132,1856,0.093313131532939,8517.904706954956,1640,43
344,226020,3888,0.09267011074354553,16709.92697620392,3804,94
345,228353,2333,0.09203152101041176,10401.065759658813,2132,55
346,230170,1817,0.09139733179912901,8662.546726226807,1548,42
347,231868,1698,0.09076751278570122,7567.974412918091,1478,39
348,233249,1381,0.09014203385509495,6423.233903884888,1082,31
349,235225,1976,0.0895208650997995,8352.792810440063,1738,46
350,237837,2612,0.08890397681839678,11537.25284576416,2460,62
351,239535,1698,0.08829133951414121,7210.153835296631,1442,39
352,243743,4208,0.08768292389354927,18742.116706848145,4062,102
353,246674,2931,0.08707870086499883,12845.054997444153,2708,70
354,248650,1976,0.08647864153733813,8248.730714797974,1764,46
355,251421,2771,0.08588271721850434,11590.32976436615,2664,66
356,254511,3090,0.08529089941415162,13509.430703163147,2956,74
357,257561,3050,0.0847031598262887,13460.251063346863,2952,73
358,261010,3449,0.08411947035192575,14496.24586391449,3316,83
359,262431,1421,0.08353980308173063,6203.109990119934,1142,32
360,264010,1579,0.08296413029869443,6473.606842041016,1354,36
361,266383,2373,0.08239242447680613,9758.807801246643,2218,56
362,269752,3369,0.08182465827973646,14348.918578147888,3294,81
363,272205,2453,0.0812608045595308,10503.968836784363,2282,58
364,274897,2692,0.08070083635531108,11076.467602729797,2564,64
365,275500,603,0.08014472689198664,2517.638786315918,296,11
366,276372,872,0.07959244957897396,3632.047260284424,612,18
367,279223,2851,0.07904397800892525,12427.40290927887,2626,68
368,281875,2652,0.07849928595646574,11046.990421295166,2520,63
369,286083,4208,0.07795834737693974,16903.902413368225,4238,102
370,289014,2931,0.07742113640516525,12297.588719367981,2840,70
371,293222,4208,0.07688762735419725,16517.488277435303,4154,102
372,294446,1224,0.07635779471409948,4845.0436000823975,972,27
373,297417,2971,0.07583161315072462,12300.394916534424,2856,71
374,301625,4208,0.07530905750450298,16400.931871414185,4174,102
375,305553,3928,0.07479010278923945,16208.370231628418,3844,95
376,307449,1896,0.0742747241909188,7472.151708602905,1684,44
377,311657,4208,0.07376289706651917,16684.185636520386,4182,102
378,315066,3409,0.07325459694283379,13522.04299068451,3334,82
379,316764,1698,0.07274979951530072,6385.421548843384,1554,39
380,320972,4208,0.0722484806468408,16996.409308433533,4270,102
381,325180,4208,0.07175061636670342,16436.084776878357,4230,102
382,327116,1936,0.07125618286932046,7624.915696144104,1728,45
383,330645,3529,0.07076515651316798,14146.851053237915,3450,85
384,334853,4208,0.07027751381963573,16627.810079574585,4246,102
385,338222,3369,0.06979323147190462,13810.156180381775,3308,81
386,340158,1936,0.06931228631383173,7735.498106002808,1758,45
387,343448,3290,0.06883465534884312,12550.465538978577,3268,79
388,345781,2333,0.06836031573883423,9222.983283042908,2228,55
389,349031,3250,0.06788924480307792,12477.220176696777,3192,78
390,352520,3489,0.06742142001713991,12957.418055534363,3450,84
391,354814,2294,0.0669568190118018,8768.18382358551,2124,54
392,357346,2532,0.06649541957199147,9846.411493301392,2434,60
393,361114,3768,0.06603719963572087,14907.86521244049,3816,91
394,363885,2771,0.06558213729303111,10312.279092788696,2698,66
395,365030,1145,0.06513021078494484,4388.498350143433,938,25
396,368759,3729,0.06468139850242578,13544.457877159119,3706,90
397,372967,4208,0.06423567898534557,15939.89001083374,4214,102
398,377175,4208,0.06379303092145756,16638.958256721497,4246,102
399,380704,3529,0.06335343314537781,12670.51589679718,3506,85
400,384912,4208,0.06291686463757301,15372.791829109192,4274,102
401,389120,4208,0.062483304523355494,15893.176374435425,4366,102
402,392689,3569,0.06205273207188505,12980.663078308105,3632,86
403,395261,2572,0.061625126695177695,9079.101216316223,2564,61
404,399469,4208,0.06120046794712123,14342.77277469635,4384,102
405,403677,4208,0.06077873552249762,15907.144077301025,4312,102
406,405375,1698,0.06035990925601209,6632.867244720459,1536,39
407,409263,3888,0.05994396912132891,14935.744812965393,3964,94
408,413471,4208,0.05953089523011384,15490.68309211731,4328,102
409,417080,3609,0.05912066783108313,13218.991888046265,3650,87
410,419692,2612,0.05871326730905913,9335.134194374084,2534,62
411,421628,1936,0.058308674184032405,6951.761989593506,1786,45
412,423723,2095,0.05790686911023024,7468.42947769165,1984,49
413,427931,4208,0.05750783287519164,14790.905157089233,4266,102
414,429867,1936,0.057111546398848696,7198.7454080581665,1858,45
415,434075,4208,0.05671799073261423,16325.151247024536,4324,102
416,435456,1381,0.05632714705847579,4834.6496295928955,1188,31
417,439664,4208,0.055938996688095835,15358.399333000183,4304,102
418,443872,4208,0.05555352106191817,16005.24328327179,4366,102
419,444783,911,0.05517070174828049,3402.909623146057,668,19
420,446243,1460,0.05479052044253309,5617.3883237838745,1320,33
421,450411,4168,0.05441295896616359,15211.837749481201,4328,101
422,454619,4208,0.054037999265927755,16010.827919960022,4336,102
423,458827,4208,0.053665623412986245,15393.913496017456,4282,102
424,463035,4208,0.05329581360204736,15725.241582870483,4244,102
425,465806,2771,0.05292855215051565,10373.855504989624,2848,66
426,468418,2612,0.05256382149764645,10560.959302902222,2614,62
427,472626,4208,0.05220160420370617,15613.125942230225,4314,102
428,473654,1028,0.05184188294913843,3763.631996154785,828,22
429,477862,4208,0.05148464053373592,16087.312864303589,4348,102
430,481311,3449,0.051129859875817946,13408.21269416809,3546,83
431,484760,3449,0.05077752401141369,12889.633721351624,3494,83
432,488968,4208,0.05042761609345103,15680.84278011322,4390,102
433,490824,1856,0.05008011939095106,7114.423290252686,1748,43
434,493874,3050,0.04973501728822802,11607.529272079468,3100,73
435,495177,1303,0.04939229328409484,4809.3737869262695,1156,29
436,498706,3529,0.04905193099107415,13245.467384338379,3646,85
437,500048,1342,0.04871391413461466,4972.585268974304,1224,30
438,502063,2015,0.048378226552313025,7403.515513420105,1960,47
439,503682,1619,0.04804485219314104,6387.224933624268,1452,37
440,507650,3968,0.047713775116678105,15090.168919563293,4096,96
441,509586,1936,0.04738497949234908,7944.338965415955,1820,45
442,512238,2652,0.047058449598667305,10013.201809883118,2688,63
443,515528,3290,0.04673416982248289,12939.534311294556,3356,79
444,517424,1896,0.046412124658236166,7223.931764602661,1852,44
445,521632,4208,0.04609229870721626,16272.216123580933,4334,102
446,525840,4208,0.04577467667682483,15485.912344932556,4354,102
447,530048,4208,0.04545924337984483,15869.18555355072,4400,102
448,534256,4208,0.045145983733714326,16042.433166503906,4402,102
449,536271,2015,0.0448348827598053,7788.222640991211,1978,47
450,539162,2891,0.04452592558270749,10892.897184371948,2974,69
451,542093,2931,0.04421909742951705,10845.410597801208,2970,70
452,543712,1619,0.04391438362913025,6002.984489440918,1530,37
453,547920,4208,0.043611769611541916,16216.023153305054,4334,102
454,550691,2771,0.04331124090714878,10620.239659309387,2776,66
455,554899,4208,0.043012783146057616,16056.436032295227,4442,102
456,557830,2931,0.04271638205739813,11214.076189041138,2956,70
457,562038,4208,0.0424220234686406,16404.103624343872,4424,102
458,565367,3329,0.0421296933049182,12312.25625038147,3426,80
459,569575,4208,0.04183937758835401,16073.358119010925,4486,102
460,573783,4208,0.041551062437392663,15360.526902198792,4454,102
461,577312,3529,0.041264734066136594,13144.838978767395,3616,85
462,581440,4128,0.04098037878368685,15001.767985343933,4382,100
463,584849,3409,0.040697982993488466,12541.878293991089,3494,82
464,589057,4208,0.040417533192680336,15575.76263332367,4450,102
465,591152,2095,0.040139015971449574,7864.2850704193115,2010,49
466,592731,1579,0.039862418012390315,6082.020343780518,1486,36
467,596021,3290,0.03958772608986694,12065.45067691803,3400,79
468,598832,2811,0.03931492706938167,10936.6043176651,2846,67
469,603040,4208,0.03904400790694656,15699.680274963379,4436,102
470,607248,4208,0.03877495564845979,15943.918720245361,4422,102
471,611456,4208,0.038507757429086256,15377.307684898376,4434,102
472,615664,4208,0.03824240047264242,15677.711633682251,4448,102
473,619872,4208,0.037978872090985445,14877.546778678894,4466,102
474,624080,4208,0.03771715968340646,15550.932626724243,4400,102
475,627888,3808,0.03745725073602811,13698.809785842896,3988,92
476,630739,2851,0.03719913282120614,9968.361995697021,2944,68
477,634947,4208,0.03694279359693521,14923.575182914734,4484,102
478,639155,4208,0.036688220806258734,15251.938473701477,4432,102
479,641210,2055,0.03643540227668281,7784.1938190460205,2028,48
480,644659,3449,0.03618432591959419,12717.664363861084,3556,83
481,645648,989,0.035934979729682265,3638.8748865127563,812,21
482,649856,4208,0.03568735178436502,15882.587171554565,4532,102
483,654064,4208,0.03544143024321896,15091.404127120972,4430,102
484,658272,4208,0.03519720334741294,15333.702938079834,4490,102
485,662480,4208,0.03495465941914592,15762.059250831604,4432,102
486,666688,4208,0.034713786861088586,15055.297721862793,4508,102
487,670896,4208,0.03447457415582882,15592.19986152649,4430,102
488,675104,4208,0.03423700986532101,15179.708130836487,4476,102
489,679312,4208,0.03400108263033908,14979.643257141113,4422,102
490,683520,4208,0.03376678116993342,15304.654990196228,4472,102
491,687728,4208,0.03353409428089141,15849.310751914978,4490,102
492,691936,4208,0.03330301083720179,14920.87095451355,4450,102
493,696144,4208,0.03307351978952263,14242.65654182434,4464,102
494,699873,3729,0.03284561016465303,12871.307107925415,3932,90
495,704081,4208,0.03261927106500841,15195.595482826233,4550,102
496,708289,4208,0.032394491668099434,15204.013198852539,4486,102
497,710424,2135,0.03217126122601456,7684.901903152466,2074,50
498,714632,4208,0.0319495690649061,15210.323517799377,4490,102
499,718840,4208,0.03172940458447983,14409.387409210205,4496,102
500,723048,4208,0.03151075725748818,14915.126421928406,4454,102
501,726338,3290,0.03129361662922683,11735.553065299988,3416,79
502,730546,4208,0.031077972317034824,15148.873721122742,4502,102
503,734754,4208,0.030863814009798138,14779.776569366455,4426,102
504,738802,4048,0.03065113146745662,14539.68729877472,4250,98
505,743010,4208,0.030439914520514377,14377.1875,4486,102
506,745662,2652,0.03023015306955351,9692.419938087463,2734,63
507,749870,4208,0.03002183708475122,15305.897385597229,4580,102
508,754078,4208,0.0298149566054002,14545.467220306396,4482,102
509,758286,4208,0.029609501739432387,14493.151997566223,4498,102
510,762494,4208,0.02940546266294596,14691.773878097534,4474,102
511,766702,4208,0.0292028296197356,14920.2188205719,4454,102
512,770910,4208,0.029001592920826002,14471.02038192749,4488,102
513,775118,4208,0.028801742944008592,14467.098439216614,4464,102
514,779326,4208,0.028603270133381428,14717.136897087097,4506,102
515,783534,4208,0.028406164998892296,14859.586954116821,4522,102
516,787742,4208,0.02821041811588493,14497.404836654663,4468,102
517,791950,4208,0.028016020124648367,15079.62472820282,4508,102
518,796158,4208,0.027822961729969415,14128.580128669739,4516,102
519,799807,3649,0.027631233700688197,13308.434250831604,3846,88
520,804015,4208,0.027440826869256755,14607.133285522461,4516,102
521,808223,4208,0.027251732131300707,15088.455530166626,4522,102
522,812431,4208,0.027063940445183916,14469.456286430359,4548,102
523,816639,4208,0.026877442831576153,14788.00567150116,4462,102
524,820847,4208,0.026692230373023762,15228.564862251282,4556,102
525,825055,4208,0.026508294213523256,14833.5695810318,4520,102
526,829263,4208,0.02632562555809787,14642.555928230286,4538,102
527,833471,4208,0.026144215672377017,15174.57122707367,4488,102
528,837679,4208,0.025964055882178667,15043.589268684387,4478,102
529,841887,4208,0.025785137573094575,14588.697600364685,4512,102
530,846095,4208,0.02560745219007838,14668.107434272766,4532,102
531,850303,4208,0.02543099123703655,14697.363770484924,4486,102
532,854511,4208,0.02525574627642213,15034.202695846558,4506,102
533,858519,4008,0.025081708928831305,13920.883243560791,4300,97
534,862727,4208,0.02490887087260273,14415.35865020752,4510,102
535,866935,4208,0.024737223843419625,14545.433101654053,4530,102
536,871143,4208,0.02456675963391462,15298.07108592987,4470,102
537,875351,4208,0.024397470093277314,14810.870352745056,4554,102
538,879559,4208,0.02422934712686454,15240.187407493591,4534,102
539,883767,4208,0.024062382695813317,14970.453010559082,4522,102
540,887975,4208,0.023896568816656468,14439.601334571838,4518,102
541,892183,4208,0.02373189756094089,14580.72988319397,4474,102
542,896271,4088,0.023568361054848445,14350.602127075195,4370,99
543,900479,4208,0.023405951478819485,15234.442717552185,4562,102
544,904687,4208,0.02324466106717894,14769.592506408691,4512,102
545,908895,4208,0.02308448210776501,14710.303917884827,4560,102
546,913103,4208,0.0229254069415604,14262.443230628967,4544,102
547,915158,2055,0.022767427962326107,7037.719756126404,2074,48
548,919366,4208,0.022610537616237717,14734.99824142456,4522,102
549,923574,4208,0.022454728401524224,14062.202392578125,4606,102
550,927782,4208,0.02229999286810932,14528.578993797302,4602,102
551,931990,4208,0.02214632361725518,14256.809355735779,4542,102
552,936198,4208,0.021993713301208674,15587.339971542358,4490,102
553,940406,4208,0.021842154622850045,14678.220880508423,4504,102
554,944614,4208,0.021691640335343987,15344.243160247803,4514,102
555,948822,4208,0.02154216324179313,14651.459478378296,4526,102
556,953030,4208,0.021393716194893934,14124.875061035156,4500,102
557,957238,4208,0.02124629209659492,14754.972160339355,4470,102
558,961446,4208,0.021099883897757285,14479.741260528564,4554,102
559,965654,4208,0.02095448459781784,14404.55910873413,4512,102
560,969862,4208,0.020810087244454278,14495.531609535217,4600,102
561,974070,4208,0.020666684933252744,14725.031408309937,4568,102
562,976762,2692,0.0205242708073777,9553.283703804016,2804,64
563,977215,453,0.02038283805724406,1655.5985050201416,192,7
564,981423,4208,0.02024237992019159,15019.740345954895,4526,102
565,985631,4208,0.02010288968016155,13839.261950492859,4506,102
566,989839,4208,0.019964360667375558,14593.82491016388,4558,102
567,994047,4208,0.019826786258016673,14468.469217300415,4560,102
568,998255,4208,0.01969015987391268,15740.687200546265,4530,102
569,1002463,4208,0.01955447498222155,15138.089327812195,4556,102
570,1006671,4208,0.01941972509511906,14849.41424369812,4576,102
571,1010879,4208,0.019285903769488594,14990.855501174927,4502,102
572,1015087,4208,0.01915300460661305,14807.861325263977,4538,102
573,1019295,4208,0.01902102125186888,14715.926949501038,4576,102
574,1023503,4208,0.018889947394422252,15137.729648590088,4526,102
575,1027711,4208,0.018759776766927288,14876.84331035614,4530,102
576,1030363,2652,0.018630503145226393,9452.108649253845,2742,63
577,1034571,4208,0.01850212034805264,14677.994902610779,4564,102
578,1038779,4208,0.01837462223673421,15071.170293807983,4546,102
579,1042987,4208,0.018248002714900874,14946.884570121765,4568,102
580,1046995,4008,0.018122255728192493,13515.184837341309,4292,97
581,1051203,4208,0.01799737526396952,14196.94426727295,4572,102
582,1054333,3130,0.017873355351025504,11070.314167022705,3378,75
583,1058541,4208,0.017750190059301587,15121.823967933655,4592,102
584,1062749,4208,0.01762787349960294,15572.681265830994,4538,102
585,1066957,4208,0.017506399823317177,14534.955451965332,4524,102
586,1071165,4208,0.017385763222134698,14532.272128105164,4586,102
587,1075373,4208,0.01726595792777097,15470.633333206177,4566,102
588,1079581,4208,0.0171469782116907,14801.524069786072,4548,102
589,1083789,4208,0.01702881838483394,14579.610916137695,4624,102
590,1087278,3489,0.01691147279734405,12393.697539329529,3734,84
591,1091486,4208,0.01679493583829755,15522.929127693176,4558,102
592,1095694,4208,0.01667920193543584,14334.291355133057,4598,102
593,1099902,4208,0.016564265554898754,15022.748385429382,4592,102
594,1104110,4208,0.016450121200959948,14740.415036201477,4602,102
595,1108318,4208,0.016336763415764132,15105.15365409851,4610,102
596,1112526,4208,0.0162241867790661,14689.276597976685,4666,102
597,1116734,4208,0.016112385907971555,15129.689238548279,4614,102
598,1120942,4208,0.016001355456679724,14588.751636505127,4532,102
599,1125150,4208,0.015891090116227743,15038.220618247986,4636,102
600,1129358,4208,0.01578158461423682,14467.733964920044,4626,102
601,1133566,4208,0.015672833714660113,14618.018007278442,4530,102
602,1137774,4208,0.01556483221753239,14784.217923164368,4548,102
603,1141542,3768,0.015457574958721375,13127.387222290039,4060,91
604,1145750,4208,0.015351056809680826,14694.850193023682,4568,102
605,1149958,4208,0.015245272677205315,15062.960225105286,4614,102
606,1154166,4208,0.015140217503186693,14831.582967758179,4584,102
607,1157695,3529,0.015035886264372234,12761.499677658081,3778,85
608,1161903,4208,0.014932273972124446,14582.320590019226,4638,102
609,1166111,4208,0.014829375672182538,14353.184575080872,4584,102
610,1170319,4208,0.014727186444425527,14975.871921539307,4608,102
611,1174527,4208,0.014625701402636991,14327.891540527344,4590,102
612,1178735,4208,0.01452491569427142,14758.293068885803,4648,102
613,1182503,3768,0.014424824500222195,13691.226930618286,4044,91
614,1184876,2373,0.014325423034591164,8784.987095832825,2478,56
615,1189084,4208,0.014226706544459795,15187.577241897583,4626,102
616,1193292,4208,0.014128670309661924,14254.57506942749,4596,102
617,1197500,4208,0.014031309642558044,15319.181914329529,4590,102
618,1198606,1106,0.013934619887811176,3926.464096069336,996,24
619,1202814,4208,0.013838596422164269,14857.703566551208,4594,102
620,1207022,4208,0.013743234654219135,15155.393716812134,4568,102
621,1211230,4208,0.013648530024216912,14660.687796592712,4606,102
622,1215438,4208,0.013554478003820035,14895.354647636414,4590,102
623,1219646,4208,0.013461074095895711,14881.193995475769,4592,102
624,1223854,4208,0.013368313834300894,15128.745746612549,4564,102
625,1228062,4208,0.013276192783668726,15550.064791679382,4582,102
626,1232270,4208,0.013184706539196466,14992.362216949463,4594,102
627,1236478,4208,0.013093850726434864,15093.967763900757,4554,102
628,1240686,4208,0.013003621001079001,15196.775075912476,4536,102
629,1244894,4208,0.012914013048760567,14742.854616165161,4602,102
630,1249102,4208,0.012825022584841559,15679.398820877075,4596,102
631,1253310,4208,0.012736645354209417,14562.45689201355,4612,102
632,1257518,4208,0.01264887713107356,15224.515340805054,4576,102
633,1261726,4208,0.012561713718763332,14984.77269744873,4660,102
634,1265934,4208,0.012475150949527334,14771.30791091919,4604,102
635,1270142,4208,0.012389184684334142,15120.244978904724,4568,102
636,1274350,4208,0.012303810812674397,14803.366198539734,4576,102
637,1278558,4208,0.012219025252364258,15107.550948143005,4558,102
638,1282766,4208,0.012134823949350216,14647.506971359253,4566,102
639,1286974,4208,0.012051202877515243,14968.008120536804,4610,102
640,1291182,4208,0.011968158038486287,14815.86716079712,4586,102
641,1295390,4208,0.011885685461443078,14583.286789894104,4578,102
642,1299598,4208,0.011803781202928274,14307.825469970703,4526,102
643,1303806,4208,0.011722441346658896,15112.972382545471,4626,102
644,1308014,4208,0.01164166200333907,15307.156633377075,4614,102
645,1311463,3449,0.01156143931047406,11964.662568092346,3664,83
646,1315671,4208,0.011481769432185584,14889.162482261658,4622,102
647,1319879,4208,0.011402648559028393,13856.682146072388,4606,102
648,1324087,4208,0.011324072907808128,14138.945506095886,4568,102
649,1328295,4208,0.011246038721400422,14108.140624523163,4582,102
650,1332503,4208,0.011168542268571252,14876.147792816162,4602,102
651,1336711,4208,0.011091579843798528,14161.983819007874,4600,102
652,1340919,4208,0.011015147767094913,14725.84421157837,4630,102
653,1345127,4208,0.010939242383831862,14732.438083648682,4578,102
654,1349335,4208,0.010863860064564877,14018.629137039185,4604,102
655,1353543,4208,0.01078899720485996,14478.387681007385,4568,102
656,1357751,4208,0.010714650225121271,14244.672384262085,4600,102
657,1361959,4208,0.010640815570419961,14631.051448822021,4624,102
658,1366167,4208,0.010567489710324196,14357.409478187561,4618,102
659,1370375,4208,0.010494669138730352,14287.066301345825,4604,102
660,1374583,4208,0.010422350373695361,14504.07629108429,4598,102
661,1378791,4208,0.010350529957270227,15343.54864025116,4580,102
662,1382999,4208,0.010279204455334678,14376.501002311707,4604,102
663,1387207,4208,0.010208370457432968,14109.300874710083,4594,102
664,1391415,4208,0.010138024576610798,15023.701455116272,4624,102
665,1395623,4208,0.010068163449253374,14252.356635093689,4586,102
666,1399831,4208,0.01,14996.840347290039,4640,102
667,1404039,4208,0.01,14248.393432617188,4626,102
668,1408247,4208,0.01,14165.83715248108,4574,102
669,1412455,4208,0.01,14801.159873962402,4562,102
670,1416663,4208,0.01,14024.809595108032,4600,102
671,1420871,4208,0.01,14671.995888710022,4602,102
672,1425079,4208,0.01,14203.524806022644,4632,102
673,1429287,4208,0.01,14210.903733253479,4624,102
674,1433495,4208,0.01,14576.441840171814,4664,102
675,1437703,4208,0.01,14585.708292007446,4584,102
676,1441911,4208,0.01,15206.75375175476,4652,102
677,1446119,4208,0.01,14819.332847595215,4590,102
678,1450327,4208,0.01,14471.300293922424,4604,102
679,1454535,4208,0.01,14178.61094379425,4630,102
680,1458743,4208,0.01,14296.921717643738,4596,102
681,1462951,4208,0.01,14332.027830123901,4594,102
682,1467159,4208,0.01,14023.716450691223,4598,102
683,1471367,4208,0.01,15047.277936935425,4620,102
684,1475575,4208,0.01,15160.943384170532,4566,102
685,1479783,4208,0.01,14376.98157119751,4580,102
686,1483991,4208,0.01,14734.728085517883,4606,102
687,1488199,4208,0.01,14614.168375968933,4610,102
688,1492407,4208,0.01,14454.231460571289,4604,102
689,1496615,4208,0.01,14398.438096046448,4606,102
690,1500823,4208,0.01,14104.642070770264,4638,102
691,1505031,4208,0.01,14369.698887825012,4604,102
692,1509239,4208,0.01,14670.377230644226,4634,102
693,1512489,3250,0.01,11057.852579116821,3496,78
694,1516697,4208,0.01,14584.317237854004,4600,102
695,1520905,4208,0.01,14852.15847492218,4566,102
696,1525113,4208,0.01,14361.436115264893,4602,102
697,1529321,4208,0.01,14468.625073432922,4606,102
698,1533529,4208,0.01,14678.841011047363,4656,102
699,1537737,4208,0.01,14813.472423553467,4608,102
700,1541945,4208,0.01,15216.64917755127,4568,102
701,1546153,4208,0.01,14432.16537475586,4622,102
702,1550361,4208,0.01,13907.636847496033,4624,102
703,1554569,4208,0.01,14659.717998504639,4630,102
704,1558777,4208,0.01,15126.077919006348,4656,102
705,1562985,4208,0.01,13989.092102050781,4672,102
706,1567193,4208,0.01,14126.175848960876,4662,102
707,1571401,4208,0.01,14833.378335952759,4624,102
708,1575609,4208,0.01,15223.789667129517,4598,102
709,1579817,4208,0.01,15321.684514045715,4552,102
710,1584025,4208,0.01,15953.807629585266,4648,102
711,1588233,4208,0.01,14723.146940231323,4614,102
712,1592441,4208,0.01,14793.504524230957,4582,102
713,1596649,4208,0.01,15048.25499343872,4610,102
714,1600857,4208,0.01,14355.236569404602,4648,102
715,1605065,4208,0.01,14815.896524429321,4584,102
716,1609273,4208,0.01,14756.445280075073,4620,102
717,1613481,4208,0.01,13964.431569099426,4588,102
718,1616173,2692,0.01,9547.626176834106,2848,64
719,1620381,4208,0.01,14159.503503799438,4578,102
720,1624589,4208,0.01,14236.127512931824,4630,102
721,1628797,4208,0.01,14477.212616920471,4606,102
722,1633005,4208,0.01,14922.992338180542,4626,102
723,1637213,4208,0.01,14665.18855381012,4650,102
724,1641421,4208,0.01,14817.608707427979,4586,102
725,1645629,4208,0.01,14574.272311210632,4618,102
726,1649837,4208,0.01,15063.414467811584,4624,102
727,1654045,4208,0.01,14820.404891967773,4600,102
728,1658253,4208,0.01,15292.916177749634,4596,102
729,1662461,4208,0.01,14534.608965873718,4598,102
730,1666669,4208,0.01,14306.035375595093,4574,102
731,1667234,565,0.01,2253.1343727111816,350,10
732,1671442,4208,0.01,14870.599908828735,4602,102
733,1675650,4208,0.01,14154.302753448486,4606,102
734,1679858,4208,0.01,14556.689801216125,4604,102
735,1684066,4208,0.01,14588.774715423584,4618,102
736,1688274,4208,0.01,14713.33862876892,4610,102
737,1692482,4208,0.01,15168.421043395996,4638,102
738,1696690,4208,0.01,13947.70542049408,4634,102
739,1700898,4208,0.01,14436.374455451965,4614,102
740,1705106,4208,0.01,15389.665259361267,4626,102
741,1709314,4208,0.01,13837.80286693573,4574,102
742,1713522,4208,0.01,14542.789148330688,4616,102
743,1716772,3250,0.01,11680.174045562744,3456,78
744,1720980,4208,0.01,14429.232048988342,4596,102
745,1725188,4208,0.01,14363.539122581482,4574,102
746,1729396,4208,0.01,14631.067637443542,4572,102
747,1733604,4208,0.01,14695.852498054504,4566,102
748,1737812,4208,0.01,14522.713720321655,4660,102
749,1742020,4208,0.01,14733.300472259521,4616,102
750,1746228,4208,0.01,14376.72915840149,4594,102
751,1750436,4208,0.01,15106.087564468384,4640,102
752,1754644,4208,0.01,14439.044994354248,4594,102
753,1758852,4208,0.01,14915.913488388062,4556,102
754,1763060,4208,0.01,14336.599449157715,4574,102
755,1767268,4208,0.01,14921.3452501297,4608,102
756,1771476,4208,0.01,13853.653977394104,4618,102
757,1775684,4208,0.01,15312.549091339111,4642,102
758,1779892,4208,0.01,14060.079259872437,4604,102
759,1784100,4208,0.01,14626.499005317688,4664,102
760,1788308,4208,0.01,14838.220442771912,4668,102
761,1790284,1976,0.01,6617.41282749176,2026,46
762,1794492,4208,0.01,14544.538997650146,4632,102
763,1798700,4208,0.01,14733.196219444275,4610,102
764,1802908,4208,0.01,14558.680165290833,4618,102
765,1807116,4208,0.01,14418.013100624084,4628,102
766,1811324,4208,0.01,14263.656856536865,4638,102
767,1815532,4208,0.01,15039.75286102295,4596,102
768,1819740,4208,0.01,14450.98812675476,4588,102
769,1823948,4208,0.01,14517.806465148926,4618,102
770,1828156,4208,0.01,15343.27509689331,4600,102
771,1832364,4208,0.01,14142.730794906616,4600,102
772,1836572,4208,0.01,15333.376734733582,4616,102
773,1840780,4208,0.01,14466.784794807434,4616,102
774,1844988,4208,0.01,14521.038192749023,4624,102
775,1849196,4208,0.01,14881.424713134766,4626,102
776,1853404,4208,0.01,14163.411707878113,4598,102
777,1857292,3888,0.01,13488.898339271545,4220,94
778,1861500,4208,0.01,14607.72667312622,4622,102
779,1865708,4208,0.01,15481.944043159485,4558,102
780,1869916,4208,0.01,15202.867347717285,4600,102
781,1874124,4208,0.01,15403.207639694214,4594,102
782,1878332,4208,0.01,14855.456387519836,4586,102
783,1882540,4208,0.01,14358.870177268982,4590,102
784,1886748,4208,0.01,14108.113131523132,4624,102
785,1890956,4208,0.01,15020.099864959717,4642,102
786,1895164,4208,0.01,15423.92029762268,4592,102
787,1899372,4208,0.01,14490.27791595459,4558,102
788,1903580,4208,0.01,14100.944485664368,4614,102
789,1907788,4208,0.01,14644.656733512878,4596,102
790,1911996,4208,0.01,15041.3133020401,4644,102
791,1916204,4208,0.01,13972.654670715332,4622,102
792,1920412,4208,0.01,14628.576972007751,4590,102
793,1924620,4208,0.01,14403.090872764587,4608,102
794,1928828,4208,0.01,14710.359913825989,4656,102
795,1933036,4208,0.01,14414.004152297974,4634,102
796,1937244,4208,0.01,15007.510472297668,4614,102
797,1941452,4208,0.01,14336.904273986816,4644,102
798,1943388,1936,0.01,6950.940674781799,1952,45
799,1947596,4208,0.01,14944.057913780212,4610,102
800,1951804,4208,0.01,14591.633237838745,4566,102
801,1956012,4208,0.01,14483.058876991272,4592,102
802,1960220,4208,0.01,14669.737002372742,4614,102
803,1964428,4208,0.01,14379.494926452637,4590,102
804,1965069,641,0.01,2137.5165042877197,452,12
805,1969277,4208,0.01,14668.652881622314,4642,102
806,1973485,4208,0.01,15009.94624042511,4588,102
807,1977693,4208,0.01,15029.50161933899,4630,102
808,1981581,3888,0.01,13232.50863456726,4232,94
809,1985789,4208,0.01,15269.378253936768,4600,102
810,1989997,4208,0.01,14277.21579170227,4616,102
811,1994205,4208,0.01,15466.366934776306,4608,102
812,1998413,4208,0.01,14870.674511909485,4644,102
813,2002621,4208,0.01,14776.011984825134,4614,102
814,2006829,4208,0.01,13854.986459732056,4574,102
815,2011037,4208,0.01,14468.415292739868,4580,102
816,2015245,4208,0.01,14898.399108886719,4606,102
817,2019453,4208,0.01,14878.984705924988,4618,102
818,2023661,4208,0.01,14330.811987876892,4624,102
819,2027869,4208,0.01,14496.814637184143,4602,102
820,2032077,4208,0.01,14764.226941108704,4704,102
821,2036285,4208,0.01,14636.745122909546,4652,102
822,2040493,4208,0.01,14365.670899391174,4596,102
823,2044701,4208,0.01,14669.404016494751,4634,102
824,2048909,4208,0.01,14450.566184043884,4572,102
825,2053117,4208,0.01,14731.414338111877,4572,102
826,2057325,4208,0.01,13897.740412712097,4624,102
827,2061533,4208,0.01,14671.232022285461,4570,102
828,2062600,1067,0.01,3818.6413621902466,962,23
829,2066808,4208,0.01,15210.203271865845,4606,102
830,2071016,4208,0.01,14771.899115562439,4590,102
831,2075224,4208,0.01,13930.682295799255,4602,102
832,2079432,4208,0.01,15040.078728675842,4558,102
833,2083640,4208,0.01,13942.267853736877,4610,102
834,2087848,4208,0.01,14801.124216079712,4600,102
835,2092056,4208,0.01,14712.517763137817,4594,102
836,2096264,4208,0.01,14102.139860153198,4626,102
837,2100472,4208,0.01,15613.616921424866,4638,102
838,2104680,4208,0.01,14366.582829475403,4622,102
839,2106854,2174,0.01,7650.074051856995,2252,51
840,2111062,4208,0.01,15126.869327545166,4616,102
841,2115270,4208,0.01,14158.441572189331,4586,102
842,2119478,4208,0.01,15013.717727661133,4600,102
843,2123686,4208,0.01,14529.943234443665,4646,102
844,2127894,4208,0.01,14484.48812007904,4604,102
845,2132102,4208,0.01,14711.48342704773,4574,102
846,2136310,4208,0.01,14995.405986785889,4620,102
847,2140518,4208,0.01,15233.72118473053,4580,102
848,2144726,4208,0.01,14797.105072975159,4614,102
849,2148934,4208,0.01,15237.840483665466,4618,102
850,2153142,4208,0.01,14960.472058296204,4642,102
851,2157350,4208,0.01,14768.112710952759,4534,102
852,2159286,1936,0.01,6634.493855476379,1938,45
853,2163494,4208,0.01,14320.061338424683,4622,102
854,2167702,4208,0.01,14225.959741592407,4614,102
855,2171910,4208,0.01,14438.850975036621,4650,102
856,2176118,4208,0.01,15124.918446540833,4592,102
857,2180326,4208,0.01,15044.079565048218,4642,102
858,2184534,4208,0.01,15412.458104133606,4574,102
859,2188742,4208,0.01,14608.229249954224,4574,102
860,2192950,4208,0.01,15176.124212265015,4590,102
861,2197158,4208,0.01,14442.163318634033,4602,102
862,2201366,4208,0.01,15064.459772109985,4560,102
863,2205574,4208,0.01,15050.296319007874,4602,102
864,2209782,4208,0.01,15076.99815940857,4618,102
865,2213990,4208,0.01,15018.06166934967,4640,102
866,2218198,4208,0.01,14889.04986667633,4582,102
867,2222406,4208,0.01,14331.963833808899,4654,102
868,2226614,4208,0.01,15002.898825645447,4606,102
869,2230822,4208,0.01,14577.71215248108,4614,102
870,2235030,4208,0.01,14684.306361198425,4586,102
871,2239238,4208,0.01,14553.9317111969,4600,102
872,2243446,4208,0.01,14663.23927974701,4616,102
873,2247614,4168,0.01,14389.023822784424,4568,101
874,2251822,4208,0.01,13972.840980529785,4614,102
875,2256030,4208,0.01,14923.725638389587,4588,102
876,2260238,4208,0.01,14665.309167861938,4630,102
877,2264446,4208,0.01,13920.199130058289,4602,102
878,2268654,4208,0.01,14003.139678001404,4578,102
879,2272862,4208,0.01,14512.885880470276,4642,102
880,2277070,4208,0.01,15138.894169807434,4582,102
881,2281278,4208,0.01,14133.488377571106,4582,102
882,2285486,4208,0.01,15044.477462768555,4638,102
883,2289694,4208,0.01,13797.251197814941,4670,102
884,2293902,4208,0.01,14193.929173469543,4624,102
885,2298110,4208,0.01,14252.789044380188,4616,102
886,2302318,4208,0.01,14820.151054382324,4602,102
887,2306526,4208,0.01,14120.077686309814,4606,102
888,2310734,4208,0.01,14734.845344543457,4570,102
889,2314942,4208,0.01,14871.850977897644,4604,102
890,2319150,4208,0.01,14747.804883003235,4592,102
891,2323358,4208,0.01,14226.213854789734,4616,102
892,2327566,4208,0.01,15041.956998825073,4594,102
893,2331774,4208,0.01,14056.497868537903,4606,102
894,2335982,4208,0.01,14982.39768409729,4618,102
895,2340190,4208,0.01,14490.865633010864,4624,102
896,2344398,4208,0.01,14284.80141544342,4590,102
897,2348606,4208,0.01,13978.067345619202,4638,102
898,2352814,4208,0.01,15373.7600107193,4616,102
899,2357022,4208,0.01,14580.6879529953,4624,102
900,2361230,4208,0.01,14694.388653755188,4590,102
901,2365438,4208,0.01,15261.457527160645,4584,102
902,2369646,4208,0.01,14098.178121566772,4614,102
903,2373854,4208,0.01,14878.631488800049,4564,102
904,2378062,4208,0.01,15419.77105808258,4578,102
905,2382270,4208,0.01,14505.677603721619,4648,102
906,2385999,3729,0.01,13044.461049079895,4078,90
907,2390207,4208,0.01,15089.4893283844,4640,102
908,2394415,4208,0.01,15212.573266983032,4636,102
909,2398623,4208,0.01,15247.168991088867,4630,102
910,2402831,4208,0.01,14854.963826179504,4620,102
911,2407039,4208,0.01,14665.607558250427,4542,102
912,2411247,4208,0.01,14637.274647712708,4576,102
913,2415455,4208,0.01,14836.503396987915,4550,102
914,2419663,4208,0.01,14586.631290435791,4582,102
915,2423871,4208,0.01,14427.2145652771,4600,102
916,2428079,4208,0.01,14733.612998962402,4574,102
917,2432287,4208,0.01,14902.868353843689,4630,102
918,2436495,4208,0.01,14922.997177124023,4680,102
919,2440703,4208,0.01,14817.304870605469,4614,102
920,2444911,4208,0.01,14676.19027519226,4646,102
921,2449119,4208,0.01,14526.568245887756,4626,102
922,2453327,4208,0.01,14717.162499427795,4642,102
923,2457535,4208,0.01,14129.505524635315,4588,102
924,2461743,4208,0.01,14154.04336643219,4586,102
925,2465951,4208,0.01,15388.31021976471,4592,102
926,2470159,4208,0.01,15384.434210777283,4644,102
927,2474367,4208,0.01,14490.050715446472,4640,102
928,2478575,4208,0.01,14838.93234539032,4668,102
929,2482783,4208,0.01,14814.356882572174,4654,102
930,2486991,4208,0.01,14894.302998542786,4648,102
931,2491199,4208,0.01,14691.923830032349,4626,102
932,2495407,4208,0.01,13924.468468666077,4584,102
933,2499615,4208,0.01,14099.909062385559,4570,102
934,2503823,4208,0.01,14743.292293548584,4556,102
935,2508031,4208,0.01,14980.200328826904,4636,102
936,2512239,4208,0.01,14712.545196533203,4642,102
937,2516447,4208,0.01,14542.272759437561,4574,102
938,2520655,4208,0.01,14446.434741973877,4660,102
939,2524863,4208,0.01,14295.644649505615,4602,102
940,2529071,4208,0.01,14330.443529129028,4614,102
941,2533279,4208,0.01,14397.704494476318,4626,102
942,2537487,4208,0.01,14090.351895332336,4598,102
943,2541695,4208,0.01,14689.074528694153,4614,102
944,2545903,4208,0.01,15058.071013450623,4608,102
945,2550111,4208,0.01,14895.33228969574,4638,102
946,2554319,4208,0.01,14221.247440338135,4598,102
947,2558527,4208,0.01,14553.315983772278,4620,102
948,2561418,2891,0.01,9464.853001594543,3088,69
949,2564468,3050,0.01,9893.18339061737,3254,73
950,2568636,4168,0.01,14616.924624443054,4562,101
951,2572844,4208,0.01,14501.444715499878,4644,102
952,2577052,4208,0.01,14784.630990982056,4668,102
953,2581260,4208,0.01,15200.269547462463,4640,102
954,2585468,4208,0.01,14711.505011558533,4566,102
955,2589676,4208,0.01,14586.091255187988,4630,102
956,2593884,4208,0.01,14289.533687591553,4628,102
957,2598092,4208,0.01,14679.120985031128,4634,102
958,2602300,4208,0.01,14726.583122253418,4602,102
959,2606508,4208,0.01,14344.798027038574,4588,102
960,2610716,4208,0.01,14786.600044250488,4594,102
961,2614924,4208,0.01,14678.480906486511,4594,102
962,2619132,4208,0.01,14929.509765625,4632,102
963,2623340,4208,0.01,15549.650715827942,4608,102
964,2627548,4208,0.01,13589.429703712463,4662,102
965,2630399,2851,0.01,9832.927038192749,3096,68
966,2634607,4208,0.01,14985.060311317444,4624,102
967,2638815,4208,0.01,14150.278946876526,4558,102
968,2643023,4208,0.01,15238.456708908081,4598,102
969,2647231,4208,0.01,14581.716142654419,4660,102
970,2651439,4208,0.01,15112.7234582901,4642,102
971,2655647,4208,0.01,15146.43262386322,4622,102
972,2659855,4208,0.01,14677.093094825745,4602,102
973,2664063,4208,0.01,14383.173851966858,4584,102
974,2668271,4208,0.01,14513.184254646301,4586,102
975,2672479,4208,0.01,14546.607189178467,4650,102
976,2676687,4208,0.01,14377.955575942993,4602,102
977,2680895,4208,0.01,14509.623962402344,4608,102
978,2685103,4208,0.01,14583.54366016388,4612,102
979,2689311,4208,0.01,14811.182909965515,4648,102
980,2693519,4208,0.01,14596.814846038818,4602,102
981,2697727,4208,0.01,14454.948266029358,4610,102
982,2701935,4208,0.01,13918.034460067749,4602,102
983,2703831,1896,0.01,6491.88224029541,1914,44
984,2708039,4208,0.01,14247.669511795044,4596,102
985,2712247,4208,0.01,14443.754327774048,4612,102
986,2716455,4208,0.01,14935.026236534119,4602,102
987,2720663,4208,0.01,14695.141860961914,4588,102
988,2724871,4208,0.01,15333.912962913513,4606,102
989,2729079,4208,0.01,14791.273398399353,4574,102
990,2733287,4208,0.01,14658.146921157837,4596,102
991,2737495,4208,0.01,15309.52068901062,4638,102
992,2741703,4208,0.01,14937.206566810608,4590,102
993,2745911,4208,0.01,14673.354482650757,4606,102
994,2750119,4208,0.01,14235.150142669678,4586,102
995,2754327,4208,0.01,14250.086737632751,4574,102
996,2758535,4208,0.01,14728.844222068787,4610,102
997,2762743,4208,0.01,15221.420201301575,4582,102
998,2766951,4208,0.01,14516.086611747742,4616,102
999,2771159,4208,0.01,14766.745519638062,4634,102
1000,2775367,4208,0.01,14393.095067977905,4584,102
